Link,Date,Issuer,ISIN,Maturity Date,2020-11-20 01:58:27.830280
https://www.isin.ru/en/ru_isin/news_c/?id22=645641,"November 19, 2020","PUBLIC JOINT-STOCK COMPANY ""BANK OTKRITIE FINANCIAL CORPORATION""",RU000A102DC0,,<method 'timestamp' of 'datetime.datetime' objects>
https://www.isin.ru/en/ru_isin/news_c/?id22=645605,"November 16, 2020","OBSHCHESTVO S OGRANICHENNOY OTVETSTVENNOST'YU ""ONLAYN MIKROFINANS""",RU000A102CZ3,,
https://www.isin.ru/en/ru_isin/news_c/?id22=645565,"November 12, 2020","""BESHARIQ PAXTA TOZALASH"" AKSIYADORLIK JAMIYATI",UZ0000000FN3,,
https://www.isin.ru/en/ru_isin/news_c/?id22=645525,"November 10, 2020","PUBLIC JOINT STOCK COMPANY ""SAKHALINENERGO""",RU000A102C21,,
https://www.isin.ru/en/ru_isin/news_c/?id22=645485,"November 3, 2020",SBERBANK OF RUSSIA,RU000A102BE0,"November 11, 2025",
https://www.isin.ru/en/ru_isin/news_c/?id22=645445,"October 30, 2020","STATE DEVELOPMENT CORPORATION ""VEB.RF""",RU000A102AU8,,
https://www.isin.ru/en/ru_isin/news_c/?id22=645405,"October 27, 2020",VTB BANK (PUBLIC JOINT-STOCK COMPANY),RU000A102AA0,"October 29, 2020",
https://www.isin.ru/en/ru_isin/news_c/?id22=645365,"October 22, 2020","JOINT-STOCK COMPANY ""ER-TELECOM HOLDING""",RU000A1029P7,"October 21, 2022",
Link,Date,Issuer,ISIN,Maturity Date,2021-02-10 12:31:35.005733
https://www.isin.ru/en/ru_isin/news_c/?id22=646505,"February 9, 2021",VTB BANK (PUBLIC JOINT-STOCK COMPANY),RU000A102R08,"February 11, 2021",<method 'timestamp' of 'datetime.datetime' objects>
https://www.isin.ru/en/ru_isin/news_c/?id22=646469,"February 3, 2021","ZAKRYTOYE AKTSIONERNOYE OBSHCHESTVO ""KORUND-TSIAN""",RU000A102QD0,,
https://www.isin.ru/en/ru_isin/news_c/?id22=646429,"January 29, 2021","PUBLIC JOINT-STOCK COMPANY ""BANK OTKRITIE FINANCIAL CORPORATION""",RU000A102PV4,"January 11, 2024",
https://www.isin.ru/en/ru_isin/news_c/?id22=646389,"January 26, 2021",VTB BANK (PUBLIC JOINT-STOCK COMPANY),RU000A102PB6,,
https://www.isin.ru/en/ru_isin/news_c/?id22=646349,"January 20, 2021",VTB BANK (PUBLIC JOINT-STOCK COMPANY),RU000A102NR7,"January 22, 2021",
https://www.isin.ru/en/ru_isin/news_c/?id22=646309,"January 13, 2021",VTB KAPITAL - RENTNYY DOKHOD,RU000A102N77,,
https://www.isin.ru/en/ru_isin/news_c/?id22=646269,"December 28, 2020",PROMSVYAZBANK PUBLIC JOINT-STOCK COMPANY,RU000A102MH0,,
https://www.isin.ru/en/ru_isin/news_c/?id22=646229,"December 25, 2020",TOMSK,RU000A102LR1,"December 27, 2025",
https://www.isin.ru/en/ru_isin/news_c/?id22=646189,"December 24, 2020","AKTSIONERNOYE OBSHCHESTVO ""ZAVOD ELEKON""",RU000A102LC3,,
https://www.isin.ru/en/ru_isin/news_c/?id22=646149,"December 22, 2020",JOINT STOCK COMPANY RUSSIAN AGRICULTURAL BANK,RU000A102KV5,"December 24, 2023",
https://www.isin.ru/en/ru_isin/news_c/?id22=646109,"December 18, 2020","JOINT STOCK COMPANY ""UEC-PERM ENGINES""",RU000A102JS3,,
https://www.isin.ru/en/ru_isin/news_c/?id22=646111,"December 18, 2020","STATE DEVELOPMENT CORPORATION ""VEB.RF""",RU000A102K96,,
https://www.isin.ru/en/ru_isin/news_c/?id22=646113,"December 18, 2020",SAINT PETERSBURG,RU000A102K88,"September 28, 2028",
https://www.isin.ru/en/ru_isin/news_c/?id22=646115,"December 18, 2020","Joint-Stock Company ""Sberbank CIB""",RU000A102KA9,,
https://www.isin.ru/en/ru_isin/news_c/?id22=646117,"December 21, 2020",VTB BANK (PUBLIC JOINT-STOCK COMPANY),RU000A102KE1,"December 23, 2020",
https://www.isin.ru/en/ru_isin/news_c/?id22=646119,"December 21, 2020",VENCHURTEKHNO INVESTITSII,RU000A102KH4,,
https://www.isin.ru/en/ru_isin/news_c/?id22=646121,"December 21, 2020",OKHTA INVEST,RU000A102KJ0,,
https://www.isin.ru/en/ru_isin/news_c/?id22=646123,"December 21, 2020","AKTSIONERNOYE OBSHCHESTVO ""AVIALINII MORDOVII""",RU000A102KK8,,
https://www.isin.ru/en/ru_isin/news_c/?id22=646125,"December 21, 2020","AKTSIONERNOYE OBSHCHESTVO ""GALAKTION""",RU000A102KL6,,
https://www.isin.ru/en/ru_isin/news_c/?id22=646127,"December 21, 2020","JOINT-STOCK COMPANY ""PIONEER GROUP""",RU000A102KG6,"December 17, 2024",
https://www.isin.ru/en/ru_isin/news_c/?id22=646129,"December 21, 2020","PUBLICHNOYE AKTSIONERNOYE OBSHCHESTVO INVESTITSIONNO-STROITEL'NAYA KOMPANIYA ""DOMOSTROITEL'""",RU000A102KC5,,
https://www.isin.ru/en/ru_isin/news_c/?id22=646131,"December 21, 2020","PUBLICHNOYE AKTSIONERNOYE OBSHCHESTVO INVESTITSIONNO-STROITEL'NAYA KOMPANIYA ""DOMOSTROITEL'""",RU000A102KD3,,
https://www.isin.ru/en/ru_isin/news_c/?id22=646133,"December 21, 2020",SKCN FINANCE LIMITED LIABILITY COMPANY,RU000A102KF8,"September 13, 2022",
https://www.isin.ru/en/ru_isin/news_c/?id22=646135,"December 21, 2020","JOINT SOTCK COMPANY ""YAMSY""",RU000A102KB7,,
https://www.isin.ru/en/ru_isin/news_c/?id22=646137,"December 22, 2020",VTB BANK (PUBLIC JOINT-STOCK COMPANY),RU000A102KM4,"December 24, 2020",
https://www.isin.ru/en/ru_isin/news_c/?id22=646139,"December 22, 2020",MINISTERSTVO FINANSOV KALININGRADSKOY OBLASTI,RU000A102KN2,"June 16, 2027",
https://www.isin.ru/en/ru_isin/news_c/?id22=646141,"December 22, 2020","OBSHCHESTVO S OGRANICHENNOY OTVETSTVENNOST'YU ""TORGOVYY DOM RKS-SOCHI""",RU000A102KQ5,,
https://www.isin.ru/en/ru_isin/news_c/?id22=646143,"December 22, 2020",JOINT STOCK COMPANY RUSSIAN AGRICULTURAL BANK,RU000A102KS1,"December 23, 2023",
https://www.isin.ru/en/ru_isin/news_c/?id22=646145,"December 22, 2020","""SMAK"" PRODUCTION COMPANY",RU000A102KP7,"December 2, 2024",
https://www.isin.ru/en/ru_isin/news_c/?id22=646147,"December 22, 2020","JOINT STOCK COMPANY APRI ""FLY PLANNING""",RU000A102KR3,,
https://www.isin.ru/en/ru_isin/news_c/?id22=646151,"December 22, 2020",KRASNODAR,RU000A102KT9,"December 23, 2025",
https://www.isin.ru/en/ru_isin/news_c/?id22=646153,"December 22, 2020","JOINT-STOCK COMMERCIAL BANK ""AK BARS"" (PUBLIC JOINT-STOCK COMPANY)",RU000A102KU7,"December 24, 2023",
https://www.isin.ru/en/ru_isin/news_c/?id22=646155,"December 22, 2020",LIMITED LIABILITY COMPANY VTB COMMODITIES FINANCE,RU000A102KW3,"December 15, 2027",
https://www.isin.ru/en/ru_isin/news_c/?id22=646157,"December 22, 2020","AKTSIONERNOYE OBSHCHESTVO ""STROY-TREST""",RU000A102KX1,,
https://www.isin.ru/en/ru_isin/news_c/?id22=646159,"December 23, 2020",VTB BANK (PUBLIC JOINT-STOCK COMPANY),RU000A102L04,"December 25, 2020",
https://www.isin.ru/en/ru_isin/news_c/?id22=646161,"December 23, 2020","OBSHCHESTVO S OGRANICHENNOY OTVETSTVENNOST'YU ""GSP-FINANS""",RU000A102KZ6,"December 21, 2023",
https://www.isin.ru/en/ru_isin/news_c/?id22=646163,"December 23, 2020","LIMITED LIABILITY COMPANY ""DOM.RF MORTGAGE AGENT""",RU000A102L53,"May 28, 2051",
https://www.isin.ru/en/ru_isin/news_c/?id22=646165,"December 23, 2020",MICROFINANCE COMPANY CASHDRIVE LIMITED LIABILITY COMPANY,RU000A102L12,"December 22, 2023",
https://www.isin.ru/en/ru_isin/news_c/?id22=646167,"December 23, 2020","AKTSIONERNOYE OBSHCHESTVO ""RUSSKAYA KONTEYNERNAYA KOMPANIYA""",RU000A102L46,"December 21, 2023",
https://www.isin.ru/en/ru_isin/news_c/?id22=646169,"December 23, 2020","OBSHCHESTVO S OGRANICHENNOY OTVETSTVENNOST'YU ""SPETSIALIZIROVANNOYE FINANSOVOYE OBSHCHESTVO T-FINANS""",RU000A102L20,,
https://www.isin.ru/en/ru_isin/news_c/?id22=646171,"December 23, 2020","OBSHCHESTVO S OGRANICHENNOY OTVETSTVENNOST'YU ""SPETSIALIZIROVANNOYE FINANSOVOYE OBSHCHESTVO T-FINANS""",RU000A102L38,,
https://www.isin.ru/en/ru_isin/news_c/?id22=646173,"December 23, 2020","JOINT STOCK COMPANY ""RAILWAYS OF YAKUTIA""",RU000A102KY9,,
https://www.isin.ru/en/ru_isin/news_c/?id22=646175,"December 24, 2020",VTB BANK (PUBLIC JOINT-STOCK COMPANY),RU000A102LA7,"December 26, 2020",
https://www.isin.ru/en/ru_isin/news_c/?id22=646177,"December 24, 2020",PUBLIC JOINT STOCK COMPANY GAZPROM NEFT,RU000A102L95,,
https://www.isin.ru/en/ru_isin/news_c/?id22=646179,"December 24, 2020","LIMITED LIABILITY COMPANY ""DOM.RF MORTGAGE AGENT""",RU000A102L87,"March 28, 2051",
https://www.isin.ru/en/ru_isin/news_c/?id22=646181,"December 24, 2020",MINISTERSTVO FINANSOV CHELYABINSKOY OBLASTI,RU000A102L61,"December 17, 2027",
https://www.isin.ru/en/ru_isin/news_c/?id22=646183,"December 24, 2020",MINISTERSTVO FINANSOV CHELYABINSKOY OBLASTI,RU000A102L79,"December 17, 2027",
https://www.isin.ru/en/ru_isin/news_c/?id22=646185,"December 24, 2020","AKTSIONERNOYE OBSHCHESTVO ""ATMOSFERA""",RU000A102LJ8,,
https://www.isin.ru/en/ru_isin/news_c/?id22=646187,"December 24, 2020","Public Joint Stock Company ""Cherkizovo Group""",RU000A102LD1,"December 19, 2025",
https://www.isin.ru/en/ru_isin/news_c/?id22=646191,"December 24, 2020",OTKRITIE BROKER JOINT STOCK COMPANY,RU000A102LG4,,
https://www.isin.ru/en/ru_isin/news_c/?id22=646193,"December 24, 2020",PIONEER LEASING LIMITED,RU000A102LF6,"December 13, 2030",
https://www.isin.ru/en/ru_isin/news_c/?id22=646195,"December 24, 2020","LIMITED LIABILITY COMPANY ""PROMOMED DM""",RU000A102LB5,"December 22, 2023",
https://www.isin.ru/en/ru_isin/news_c/?id22=646197,"December 24, 2020","JOINT STOCK COMPANY ""RUSSIAN RAILWAYS""",RU000A102LL4,,
https://www.isin.ru/en/ru_isin/news_c/?id22=646199,"December 24, 2020","JOINT STOCK COMPANY ""RUSSIAN RAILWAYS""",RU000A102LM2,,
https://www.isin.ru/en/ru_isin/news_c/?id22=646201,"December 24, 2020","Joint-Stock Company ""Sberbank CIB""",RU000A102LK6,,
https://www.isin.ru/en/ru_isin/news_c/?id22=646203,"December 24, 2020","AKTSIONERNOYE OBSHCHESTVO ""SOTSIUM TREYD""",RU000A102LH2,,
https://www.isin.ru/en/ru_isin/news_c/?id22=646205,"December 24, 2020","AKTSIONERNOYE OBSHCHESTVO ""STILPROM""",RU000A102LE9,,
https://www.isin.ru/en/ru_isin/news_c/?id22=646207,"December 25, 2020",VTB BANK (PUBLIC JOINT-STOCK COMPANY),RU000A102LP5,"December 29, 2020",
https://www.isin.ru/en/ru_isin/news_c/?id22=646209,"December 25, 2020",ASFAL'TOBETONNIY ZAVOD N1,RU000A102LW1,"December 25, 2023",
https://www.isin.ru/en/ru_isin/news_c/?id22=646211,"December 25, 2020",VTB BANK (PUBLIC JOINT-STOCK COMPANY),RU000A102LV3,"June 27, 2022",
https://www.isin.ru/en/ru_isin/news_c/?id22=646213,"December 25, 2020",GAZPROMBANK (JOINT STOCK COMPANY),RU000A102LU5,"December 28, 2030",
https://www.isin.ru/en/ru_isin/news_c/?id22=646215,"December 25, 2020","JOINT STOCK COMPANY ""GARANT-INVEST COMMERCIAL REAL ESTATE""",RU000A102LS9,"December 25, 2023",
https://www.isin.ru/en/ru_isin/news_c/?id22=646217,"December 25, 2020","AKTSIONERNOYE OBSHCHESTVO ""GRUPPA KOMPANIY NATSPROYEKTSTROY""",RU000A102LQ3,,
https://www.isin.ru/en/ru_isin/news_c/?id22=646219,"December 25, 2020","LIMITED LIABILITY COMPANY ""IZMERITEL FINANCE""",RU000A102LZ4,"December 16, 2030",
https://www.isin.ru/en/ru_isin/news_c/?id22=646221,"December 25, 2020","AKTSIONERNOYE OBSHCHESTVO ""KUBINTERSVYAZ'""",RU000A102LN0,,
https://www.isin.ru/en/ru_isin/news_c/?id22=646223,"December 25, 2020","AKTSIONERNOYE OBSHCHESTVO ""OTS""",RU000A102LX9,,
https://www.isin.ru/en/ru_isin/news_c/?id22=646225,"December 25, 2020","AKTSIONERNOYE OBSHCHESTVO ""SILUET""",RU000A102LT7,,
https://www.isin.ru/en/ru_isin/news_c/?id22=646227,"December 25, 2020","AKTSIONERNOYE OBSHCHESTVO ""T-INDUSTRIYA""",RU000A102LY7,,
https://www.isin.ru/en/ru_isin/news_c/?id22=646231,"December 25, 2020","PUBLIC JOINT STOCK COMPANY ''T PLUS""",RU000A102M03,,
https://www.isin.ru/en/ru_isin/news_c/?id22=646233,"December 25, 2020","PUBLIC JOINT STOCK COMPANY ''T PLUS""",RU000A102M11,,
https://www.isin.ru/en/ru_isin/news_c/?id22=646235,"December 28, 2020",DIRECTLEASING LIMITED,RU000A102M45,"December 26, 2023",
https://www.isin.ru/en/ru_isin/news_c/?id22=646237,"December 28, 2020",VTB BANK (PUBLIC JOINT-STOCK COMPANY),RU000A102M78,"December 30, 2020",
https://www.isin.ru/en/ru_isin/news_c/?id22=646239,"December 28, 2020","AKTSIONERNOYE OBSHCHESTVO ""PROYEKT-GRAD""",RU000A102M29,"December 26, 2023",
https://www.isin.ru/en/ru_isin/news_c/?id22=646241,"December 28, 2020",VSEINSTRUMENTI.RU LIMITED LIABILITY COMPANY,RU000A102M86,"December 26, 2023",
https://www.isin.ru/en/ru_isin/news_c/?id22=646243,"December 28, 2020","""RUSSIAN HIGHWAYS"" STATE COMPANY",RU000A102MF4,"December 23, 2047",
https://www.isin.ru/en/ru_isin/news_c/?id22=646245,"December 28, 2020","OBSHCHESTVO S OGRANICHENNOY OTVETSTVENNOST'YU ""GSP-FINANS""",RU000A102MA5,"March 27, 2028",
https://www.isin.ru/en/ru_isin/news_c/?id22=646247,"December 28, 2020",JSC OGK-2,RU000A102M94,"March 28, 2023",
https://www.isin.ru/en/ru_isin/news_c/?id22=646249,"December 28, 2020","LIMITED LIABILITY COMPANY ""MORTGAGE AGENT TITAN-3""",RU000A102ME7,,
https://www.isin.ru/en/ru_isin/news_c/?id22=646251,"December 28, 2020","LIMITED LIABILITY COMPANY ""MORTGAGE AGENT TITAN-3""",RU000A102MB3,,
https://www.isin.ru/en/ru_isin/news_c/?id22=646253,"December 28, 2020","LIMITED LIABILITY COMPANY ""MORTGAGE AGENT TITAN-3""",RU000A102MC1,,
https://www.isin.ru/en/ru_isin/news_c/?id22=646255,"December 28, 2020",UDMURTSKAYA RESPUBLIKA,RU000A102M37,"December 28, 2025",
https://www.isin.ru/en/ru_isin/news_c/?id22=646257,"December 28, 2020",GAZKON,RU000A102M60,,
https://www.isin.ru/en/ru_isin/news_c/?id22=646259,"December 28, 2020","PUBLICHNOYE AKTSIONERNOYE OBSHCHESTVO ""IRTYSHSKOYE PAROKHODSTVO""",RU000A102MD9,,
https://www.isin.ru/en/ru_isin/news_c/?id22=646261,"December 28, 2020","AKTSIONERNOYE OBSHCHESTVO MOSKOVSKIY GORODSKOY KOMBINAT LOMBARDOV ""MOSGORLOMBARD""",RU000A102MJ6,,
https://www.isin.ru/en/ru_isin/news_c/?id22=646263,"December 28, 2020","AKTSIONERNOYE OBSHCHESTVO MOSKOVSKIY GORODSKOY KOMBINAT LOMBARDOV ""MOSGORLOMBARD""",RU000A102MK4,,
https://www.isin.ru/en/ru_isin/news_c/?id22=646265,"December 28, 2020","JOINT STOK COMPANY "" MOZHAYSKI POLIGRAFHCOMBINAT""",RU000A102MG2,,
https://www.isin.ru/en/ru_isin/news_c/?id22=646267,"December 28, 2020","PUBLIC JOINT-STOCK COMPANY ""PROLETARSKY ZAVOD""",RU000A102M52,,
https://www.isin.ru/en/ru_isin/news_c/?id22=646271,"December 29, 2020",VTB BANK (PUBLIC JOINT-STOCK COMPANY),RU000A102ML2,"January 1, 2021",
https://www.isin.ru/en/ru_isin/news_c/?id22=646273,"December 29, 2020","OBSHCHESTVO S OGRANICHENNOY OTVETSTVENNOST'YU ""GSP-FINANS""",RU000A102MR9,"December 27, 2023",
https://www.isin.ru/en/ru_isin/news_c/?id22=646275,"December 29, 2020","AKTSIONERNOYE OBSHCHESTVO ""AVTOKOMBINAT N 1""",RU000A102MQ1,,
https://www.isin.ru/en/ru_isin/news_c/?id22=646277,"December 29, 2020","AKTSIONERNOYE OBSHCHESTVO ""POLIGRAF-KLUB""",RU000A102MM0,,
https://www.isin.ru/en/ru_isin/news_c/?id22=646279,"December 29, 2020","AKTSIONERNOYE OBSHCHESTVO ""ENDIMION""",RU000A102MN8,,
https://www.isin.ru/en/ru_isin/news_c/?id22=646281,"December 29, 2020",GORIZONT,RU000A102MP3,,
https://www.isin.ru/en/ru_isin/news_c/?id22=646283,"December 30, 2020",VTB BANK (PUBLIC JOINT-STOCK COMPANY),RU000A102MS7,"January 12, 2021",
https://www.isin.ru/en/ru_isin/news_c/?id22=646285,"December 30, 2020","Joint-Stock Company ""Sberbank CIB""",RU000A102MT5,,
https://www.isin.ru/en/ru_isin/news_c/?id22=646287,"December 31, 2020","ZAKRYTOYE AKTSIONERNOYE OBSHCHESTVO ""KOSMIK""",RU000A102MV1,,
https://www.isin.ru/en/ru_isin/news_c/?id22=646289,"December 31, 2020",RUSSIAN NATIONAL COMMERCIAL BANK,RU000A102MU3,,
https://www.isin.ru/en/ru_isin/news_c/?id22=646291,"January 11, 2021",THE CENTRAL BANK OF THE RUSSIAN FEDERATION (BANK OF RUSSIA),RU000A102MW9,"April 14, 2021",
https://www.isin.ru/en/ru_isin/news_c/?id22=646293,"January 11, 2021","AKTSIONERNOYE OBSHCHESTVO ""KOSMIK-SEVASTOPOL'SKIY""",RU000A102MZ2,,
https://www.isin.ru/en/ru_isin/news_c/?id22=646295,"January 11, 2021","AKTSIONERNOYE OBSHCHESTVO ""REGIONAL'NAYA GENERIRUYUSHCHAYA KOMPANIYA N 1""",RU000A102MY5,,
https://www.isin.ru/en/ru_isin/news_c/?id22=646297,"January 11, 2021",DOKHOD' INDEKS DIVIDENDNYKH AKTSIY RF,RU000A102N02,,
https://www.isin.ru/en/ru_isin/news_c/?id22=646299,"January 11, 2021",VTB BANK (PUBLIC JOINT-STOCK COMPANY),RU000A102MX7,"January 13, 2021",
https://www.isin.ru/en/ru_isin/news_c/?id22=646301,"January 12, 2021",VTB BANK (PUBLIC JOINT-STOCK COMPANY),RU000A102N10,,
https://www.isin.ru/en/ru_isin/news_c/?id22=646303,"January 13, 2021",VTB BANK (PUBLIC JOINT-STOCK COMPANY),RU000A102N36,"January 15, 2021",
https://www.isin.ru/en/ru_isin/news_c/?id22=646305,"January 13, 2021","AKTSIONERNOYE OBSHCHESTVO ""BOULING KOSMIK""",RU000A102N28,,
https://www.isin.ru/en/ru_isin/news_c/?id22=646307,"January 13, 2021","PUBLICHNOYE AKTSIONERNOYE OBSHCHESTVO ""LENTA""",RU000A102N51,,
https://www.isin.ru/en/ru_isin/news_c/?id22=646311,"January 13, 2021",ZARUBEZHNYY RENTNYY BIZNES,RU000A102N44,,
https://www.isin.ru/en/ru_isin/news_c/?id22=646313,"January 13, 2021","KOMBINIROVFOND RAZVITIYE  POD UPRAVLENIYEM OBSHCHESTVA S OGRANICHENNOY OTVETSTVENNOST'YU ""ESSET MENEDZHMENT SOLYUSHNS""",RU000A102N69,,
https://www.isin.ru/en/ru_isin/news_c/?id22=646315,"January 14, 2021",VTB BANK (PUBLIC JOINT-STOCK COMPANY),RU000A102N93,"January 16, 2021",
https://www.isin.ru/en/ru_isin/news_c/?id22=646317,"January 14, 2021","JOINT STOCK COMPANY ""BIM EXPERT""",RU000A102N85,,
https://www.isin.ru/en/ru_isin/news_c/?id22=646319,"January 14, 2021","AKTSIONERNOYE OBSHCHESTVO ""NIZHEGORODSKIY ZAVOD 70-LETIYA POBEDY""",RU000A102NB1,,
https://www.isin.ru/en/ru_isin/news_c/?id22=646321,"January 14, 2021","AKTSIONERNOYE OBSHCHESTVO ""NIZHEGORODSKIY ZAVOD 70-LETIYA POBEDY""",RU000A102NC9,,
https://www.isin.ru/en/ru_isin/news_c/?id22=646323,"January 14, 2021","AKTSIONERNOYE OBSHCHESTVO ""NIZHEGORODSKIY ZAVOD 70-LETIYA POBEDY""",RU000A102ND7,,
https://www.isin.ru/en/ru_isin/news_c/?id22=646325,"January 14, 2021",LIMITED LIABILITY COMPANY SPECIAL FINANCIAL ORGANIZATION VTB INVESTMENT PRODUCTS,RU000A102NE5,,
https://www.isin.ru/en/ru_isin/news_c/?id22=646327,"January 14, 2021",LIMITED LIABILITY COMPANY SPECIAL FINANCIAL ORGANIZATION VTB INVESTMENT PRODUCTS,RU000A102NF2,,
https://www.isin.ru/en/ru_isin/news_c/?id22=646329,"January 14, 2021","FOND VOZMOZHNOSTEY NA RYNKE NEDVIZHIMOSTI S KHEDZHIROVANIYEM K ROSTU DOLLARA ""REALIST""",RU000A102NA3,,
https://www.isin.ru/en/ru_isin/news_c/?id22=646331,"January 15, 2021",VTB BANK (PUBLIC JOINT-STOCK COMPANY),RU000A102NH8,,
https://www.isin.ru/en/ru_isin/news_c/?id22=646333,"January 15, 2021","OBSHCHESTVO S OGRANICHENNOY OTVETSTVENNOST'YU ""OBUV' ROSSII""",RU000A102NK2,"December 29, 2024",
https://www.isin.ru/en/ru_isin/news_c/?id22=646335,"January 15, 2021","BANK FOR ELECTRIC POWER INDUSTRY, PUBLIC LIMITED COMPANY",RU000A102NG0,,
https://www.isin.ru/en/ru_isin/news_c/?id22=646337,"January 15, 2021",ZENIT,RU000A102NJ4,,
https://www.isin.ru/en/ru_isin/news_c/?id22=646339,"January 18, 2021",VTB BANK (PUBLIC JOINT-STOCK COMPANY),RU000A102NL0,"January 20, 2021",
https://www.isin.ru/en/ru_isin/news_c/?id22=646341,"January 18, 2021","AKTSIONERNOYE OBSHCHESTVO ""FIRMA ARMADIS""",RU000A102NN6,,
https://www.isin.ru/en/ru_isin/news_c/?id22=646343,"January 18, 2021",INVESTITSIONNAYA STRATEGIYA-M,RU000A102NM8,,
https://www.isin.ru/en/ru_isin/news_c/?id22=646345,"January 19, 2021",VTB BANK (PUBLIC JOINT-STOCK COMPANY),RU000A102NP1,"January 21, 2021",
https://www.isin.ru/en/ru_isin/news_c/?id22=646347,"January 19, 2021","OTKRYTOYE AKTSIONERNOYE OBSHCHESTVO ""PLASTPOLITEN""",RU000A102NQ9,,
https://www.isin.ru/en/ru_isin/news_c/?id22=646351,"January 20, 2021","AKTSIONERNOYE OBSHCHESTVO ""NAUCHNO-PROIZVODSTVENNYY KOMPLEKS ""BORTOVYYE INTELLEKTUAL'NYYE SISTEMY""",RU000A102NS5,,
https://www.isin.ru/en/ru_isin/news_c/?id22=646353,"January 21, 2021",VTB BANK (PUBLIC JOINT-STOCK COMPANY),RU000A102NT3,"January 23, 2021",
https://www.isin.ru/en/ru_isin/news_c/?id22=646355,"January 21, 2021","AKTSIONERNOYE OBSHCHESTVO ""VMK-KHOLDING""",RU000A102NX5,,
https://www.isin.ru/en/ru_isin/news_c/?id22=646357,"January 21, 2021",MINISTRY OF FINANCE OF THE RUSSIAN FEDERATION,RU000A102P00,"February 7, 2024",
https://www.isin.ru/en/ru_isin/news_c/?id22=646359,"January 21, 2021","AKTSIONERNOYE OBSHCHESTVO ""NAUCHNO-KONSTRUKTORSKOYE BYURO VYCHISLITEL'NYKH SISTEM""",RU000A102NU1,,
https://www.isin.ru/en/ru_isin/news_c/?id22=646361,"January 21, 2021","PUBLIC JOINT-STOCK COMPANY ""ROSGOSSTRAKH BANK""",RU000A102NZ0,,
https://www.isin.ru/en/ru_isin/news_c/?id22=646363,"January 21, 2021","AKTSIONERNOYE OBSHCHESTVO ""SPETSPROMTEKHPROYEKT""",RU000A102NV9,,
https://www.isin.ru/en/ru_isin/news_c/?id22=646365,"January 21, 2021",LIMITED LIABILITY COMPANY SPECIAL FINANCIAL ORGANIZATION VTB INVESTMENT PRODUCTS,RU000A102NY3,,
https://www.isin.ru/en/ru_isin/news_c/?id22=646367,"January 21, 2021","AKTSIONERNOYE OBSHCHESTVO ""USAD'BA ""MAR'INA ROSHCHA""",RU000A102NW7,,
https://www.isin.ru/en/ru_isin/news_c/?id22=646369,"January 22, 2021",VTB BANK (PUBLIC JOINT-STOCK COMPANY),RU000A102P26,"January 26, 2021",
https://www.isin.ru/en/ru_isin/news_c/?id22=646371,"January 22, 2021","AKTSIONERNOYE OBSHCHESTVO ""MOSKOLLEKTOR""",RU000A102P34,,
https://www.isin.ru/en/ru_isin/news_c/?id22=646373,"January 22, 2021",ELLIPS,RU000A102P18,,
https://www.isin.ru/en/ru_isin/news_c/?id22=646375,"January 25, 2021",VTB BANK (PUBLIC JOINT-STOCK COMPANY),RU000A102P42,"January 27, 2021",
https://www.isin.ru/en/ru_isin/news_c/?id22=646377,"January 25, 2021","AKTSIONERNOYE OBSHCHESTVO MOSKOVSKIY GORODSKOY KOMBINAT LOMBARDOV ""MOSGORLOMBARD""",RU000A102P59,,
https://www.isin.ru/en/ru_isin/news_c/?id22=646379,"January 25, 2021","OBSHCHESTVO S OGRANICHENNOY OTVETSTVENNOST'YU ""AVTOEKSPRESS""",RU000A102P75,"January 24, 2024",
https://www.isin.ru/en/ru_isin/news_c/?id22=646381,"January 25, 2021",RAYFFAYZEN - MIROVYYE OBLIGATSII,RU000A102P67,,
https://www.isin.ru/en/ru_isin/news_c/?id22=646383,"January 25, 2021",TORGOVOYE REFINANSIROVANIYE 2 POD UPRAVLENIYEM OOO TETIS KEPITAL,RU000A102P83,,
https://www.isin.ru/en/ru_isin/news_c/?id22=646385,"January 26, 2021",VTB BANK (PUBLIC JOINT-STOCK COMPANY),RU000A102P91,,
https://www.isin.ru/en/ru_isin/news_c/?id22=646387,"January 26, 2021","""RUSSIAN HIGHWAYS"" STATE COMPANY",RU000A102PA8,"January 22, 2048",
https://www.isin.ru/en/ru_isin/news_c/?id22=646391,"January 27, 2021",VTB BANK (PUBLIC JOINT-STOCK COMPANY),RU000A102PD2,"January 29, 2021",
https://www.isin.ru/en/ru_isin/news_c/?id22=646393,"January 27, 2021",JOINT-STOCK CORPORATION BASIC ASSET,RU000A102PC4,,
https://www.isin.ru/en/ru_isin/news_c/?id22=646395,"January 27, 2021","JOINT STOCK COMPANY ""STMP-ZELENOGRAD""",RU000A102PG5,,
https://www.isin.ru/en/ru_isin/news_c/?id22=646397,"January 27, 2021","INTERVAL'NYY PAYEVOY INVESTITSIONNYY FOND FINANSOVYKH INSTRUMENTOV ""VTB - FOND SUBORDINIROVANNYY. YEVRO""",RU000A102PF7,,
https://www.isin.ru/en/ru_isin/news_c/?id22=646399,"January 27, 2021",VTB - FOND SUBORDINIROVANNYY. DOLLARY,RU000A102PE0,,
https://www.isin.ru/en/ru_isin/news_c/?id22=646401,"January 28, 2021",VTB BANK (PUBLIC JOINT-STOCK COMPANY),RU000A102PH3,"January 30, 2021",
https://www.isin.ru/en/ru_isin/news_c/?id22=646403,"January 28, 2021",GAZPROMBANK (JOINT STOCK COMPANY),RU000A102PR2,,
https://www.isin.ru/en/ru_isin/news_c/?id22=646405,"January 28, 2021","ZAKRYTOYE AKTSIONERNOYE OBSHCHESTVO ""PASSAZH ""OKTYABR'SKOYE POLE""",RU000A102PK7,,
https://www.isin.ru/en/ru_isin/news_c/?id22=646407,"January 28, 2021","AKTSIONERNOYE OBSHCHESTVO ""SAMARA-VOLGOELEKTROMONTAZH""",RU000A102PL5,,
https://www.isin.ru/en/ru_isin/news_c/?id22=646409,"January 28, 2021","AKTSIONERNOYE OBSHCHESTVO ""SAMARA-VOLGOELEKTROMONTAZH""",RU000A102PM3,,
https://www.isin.ru/en/ru_isin/news_c/?id22=646411,"January 28, 2021","JOINT-STOCK COMPANY ""SBERBANK CIB""",RU000A102PJ9,,
https://www.isin.ru/en/ru_isin/news_c/?id22=646413,"January 28, 2021",AL'FA-KAPITAL FASTFUD,RU000A102PN1,,
https://www.isin.ru/en/ru_isin/news_c/?id22=646415,"January 28, 2021",VTB - FOND SUBORDINIROVANNYY. RUBLI,RU000A102PQ4,,
https://www.isin.ru/en/ru_isin/news_c/?id22=646417,"January 28, 2021",MIKHAYLOVSKIY-INVESTITSIONNYY,RU000A102PP6,,
https://www.isin.ru/en/ru_isin/news_c/?id22=646419,"January 29, 2021",VTB BANK (PUBLIC JOINT-STOCK COMPANY),RU000A102PS0,"February 2, 2021",
https://www.isin.ru/en/ru_isin/news_c/?id22=646421,"January 29, 2021","AKTSIONERNOYE OBSHCHESTVO AVIAKOMPANIYA ""AVIAKON TSITOTRANS""",RU000A102PW2,,
https://www.isin.ru/en/ru_isin/news_c/?id22=646423,"January 29, 2021","AKTSIONERNOYE OBSHCHESTVO ""AL'YANS FTK""",RU000A102PY8,,
https://www.isin.ru/en/ru_isin/news_c/?id22=646425,"January 29, 2021","ZAKRYTOYE AKTSIONERNOYE OBSHCHESTVO ""INSTITUT TELEKOMMUNIKATSIY""",RU000A102PX0,,
https://www.isin.ru/en/ru_isin/news_c/?id22=646427,"January 29, 2021","AKTSIONERNOYE OBSHCHESTVO ""REGISTRATSIONNYY DEPOZITARNYY TSENTR""",RU000A102PU6,,
https://www.isin.ru/en/ru_isin/news_c/?id22=646431,"January 29, 2021","PUBLIC JOINT-STOCK COMPANY ""BANK OTKRITIE FINANCIAL CORPORATION""",RU000A102PT8,"January 11, 2024",
https://www.isin.ru/en/ru_isin/news_c/?id22=646433,"January 29, 2021",OTKRYTIYE - GLOBAL'NYYE INVESTITSII,RU000A102Q09,,
https://www.isin.ru/en/ru_isin/news_c/?id22=646435,"January 29, 2021",OTKRYTIYE - LIDERY INNOVATSIY,RU000A102PZ5,,
https://www.isin.ru/en/ru_isin/news_c/?id22=646437,"February 1, 2021",VTB BANK (PUBLIC JOINT-STOCK COMPANY),RU000A102Q17,"February 3, 2021",
https://www.isin.ru/en/ru_isin/news_c/?id22=646439,"February 1, 2021","OBSHCHESTVO S OGRANICHENNOY OTVETSTVENNOST'YU ""VERESAYEVA 6""",RU000A102Q25,"January 26, 2028",
https://www.isin.ru/en/ru_isin/news_c/?id22=646441,"February 1, 2021",BKS MIROVYYE RESURSY,RU000A102Q33,,
https://www.isin.ru/en/ru_isin/news_c/?id22=646443,"February 2, 2021",VTB BANK (PUBLIC JOINT-STOCK COMPANY),RU000A102Q41,"February 4, 2021",
https://www.isin.ru/en/ru_isin/news_c/?id22=646445,"February 2, 2021","AKTSIONERNOYE OBSHCHESTVO ""AKADEMINVEST""",RU000A102Q66,,
https://www.isin.ru/en/ru_isin/news_c/?id22=646447,"February 2, 2021","AKTSIONERNOYE OBSHCHESTVO ""AL'TERNATIVA-INVEST""",RU000A102Q82,,
https://www.isin.ru/en/ru_isin/news_c/?id22=646449,"February 2, 2021",THE CENTRAL BANK OF THE RUSSIAN FEDERATION (BANK OF RUSSIA),RU000A102Q90,"May 12, 2021",
https://www.isin.ru/en/ru_isin/news_c/?id22=646451,"February 2, 2021","AKTSIONERNOYE OBSHCHESTVO ""GORIZONTY BUDUSHCHEGO""",RU000A102QA6,,
https://www.isin.ru/en/ru_isin/news_c/?id22=646453,"February 2, 2021","AKTSIONERNOYE OBSHCHESTVO ""KAPITAL""",RU000A102Q74,,
https://www.isin.ru/en/ru_isin/news_c/?id22=646455,"February 2, 2021","OBSHCHESTVO S OGRANICHENNOY OTVETSTVENNOST'YU ""FORVARD""",RU000A102Q58,"January 25, 2023",
https://www.isin.ru/en/ru_isin/news_c/?id22=646457,"February 3, 2021",VTB BANK (PUBLIC JOINT-STOCK COMPANY),RU000A102QB4,"February 5, 2021",
https://www.isin.ru/en/ru_isin/news_c/?id22=646459,"February 3, 2021","OBSHCHESTVO S OGRANICHENNOY OTVETSTVENNOST'YU ""EBIS""",RU000A102QE8,"February 2, 2023",
https://www.isin.ru/en/ru_isin/news_c/?id22=646461,"February 3, 2021","""IMKON FINANS MIKROKREDIT TASHKILOTI"" AKSIYADORLIK JAMIYATI",UZ0000000G70,,
https://www.isin.ru/en/ru_isin/news_c/?id22=646463,"February 3, 2021","AKTSIONERNOYE OBSHCHESTVO ""ARGUMENT""",RU000A102QC2,,
https://www.isin.ru/en/ru_isin/news_c/?id22=646465,"February 3, 2021",Joint-stock company VTB Capital,RU000A102QF5,,
https://www.isin.ru/en/ru_isin/news_c/?id22=646467,"February 3, 2021",Joint-stock company VTB Capital,RU000A102QG3,,
https://www.isin.ru/en/ru_isin/news_c/?id22=646471,"February 4, 2021",VTB BANK (PUBLIC JOINT-STOCK COMPANY),RU000A102QH1,"February 6, 2021",
https://www.isin.ru/en/ru_isin/news_c/?id22=646473,"February 4, 2021",VTB BANK (PUBLIC JOINT-STOCK COMPANY),RU000A102QL3,UNDATED,
https://www.isin.ru/en/ru_isin/news_c/?id22=646475,"February 4, 2021",VTB BANK (PUBLIC JOINT-STOCK COMPANY),RU000A102QM1,UNDATED,
https://www.isin.ru/en/ru_isin/news_c/?id22=646477,"February 4, 2021",VTB BANK (PUBLIC JOINT-STOCK COMPANY),RU000A102QN9,UNDATED,
https://www.isin.ru/en/ru_isin/news_c/?id22=646479,"February 4, 2021",VTB BANK (PUBLIC JOINT-STOCK COMPANY),RU000A102QJ7,UNDATED,
https://www.isin.ru/en/ru_isin/news_c/?id22=646481,"February 4, 2021","JOINT STOCK COMPANY ""RUSSIAN RAILWAYS""",RU000A102QP4,,
https://www.isin.ru/en/ru_isin/news_c/?id22=646483,"February 4, 2021","""SOVCOMBANK LEASING"", LIMITED LIABILITY COMPANY",RU000A102QQ2,,
https://www.isin.ru/en/ru_isin/news_c/?id22=646485,"February 4, 2021","PUBLIC JOINT-STOCK COMPANY ""BANK OTKRITIE FINANCIAL CORPORATION""",RU000A102QK5,"February 4, 2028",
https://www.isin.ru/en/ru_isin/news_c/?id22=646487,"February 4, 2021",TSENTR SPORTA I TURIZMA,RU000A102QR0,,
https://www.isin.ru/en/ru_isin/news_c/?id22=646489,"February 5, 2021",VTB BANK (PUBLIC JOINT-STOCK COMPANY),RU000A102QS8,"February 9, 2021",
https://www.isin.ru/en/ru_isin/news_c/?id22=646491,"February 5, 2021",VTB BANK (PUBLIC JOINT-STOCK COMPANY),RU000A102QT6,,
https://www.isin.ru/en/ru_isin/news_c/?id22=646493,"February 5, 2021","AKTSIONERNOYE OBSHCHESTVO ""SEVERNOYE GAZOVOYE UPRAVLENIYE""",RU000A102QU4,,
https://www.isin.ru/en/ru_isin/news_c/?id22=646495,"February 8, 2021",VTB BANK (PUBLIC JOINT-STOCK COMPANY),RU000A102QV2,"February 10, 2021",
https://www.isin.ru/en/ru_isin/news_c/?id22=646497,"February 8, 2021","""LIFESTREAM""",RU000A102QX8,"February 6, 2024",
https://www.isin.ru/en/ru_isin/news_c/?id22=646499,"February 8, 2021","LIMITED LIABILITY COMPANY ""TFN""",RU000A102QY6,,
https://www.isin.ru/en/ru_isin/news_c/?id22=646501,"February 8, 2021","AKTSIONERNOYE OBSHCHESTVO ""KAZANSKIY MASLOEKSTRAKTSIONNYY ZAVOD""",RU000A102QW0,,
https://www.isin.ru/en/ru_isin/news_c/?id22=646503,"February 8, 2021",PETERBURGSKIY ARENDNYY N1,RU000A102QZ3,,
https://www.isin.ru/en/ru_isin/news_c/?id22=646507,"February 9, 2021","STATE DEVELOPMENT CORPORATION ""VEB.RF""",RU000A102R16,"February 10, 2022",
